property_id,price,predicted_price,size_sqm,location,project,cluster_label,timestamp
8318423,1950000,2528471.5200073402,73,UAE,,Low-Value,2025-05-14 11:59:03
8315305,1000000,542716.330057105,72,UAE,,Low-Value,2025-05-14 11:59:03
8239167,3200000,3685866.324431886,155,UAE,UAEAldar,Low-Value,2025-05-18 14:32:10
8092596,12000000,10024809.804083547,293,UAE,UAE,Mid-Value,2025-05-18 14:32:10
8172218,2200000,2560778.417990871,104,UAE,UAE,Low-Value,2025-05-18 14:32:10
7856694,7200000,7771127.1296552345,146,UAE,Emaar,Mid-Value,2025-05-14 11:59:20
8324427,11500000,10398756.126616789,195,UAE,Emaar,Mid-Value,2025-05-14 11:59:20
8363105,2007000,2278541.3717255928,94,UAE,Imtiaz Developments,Low-Value,2025-05-14 11:59:20
8362897,750000,793259.7396942247,36,UAE,Binghatti Developers,Low-Value,2025-05-14 11:59:20
8362820,1059000,713471.3723884188,81,UAE,Karma Developers,Low-Value,2025-05-14 11:59:20
8031686,1249999,1325271.8784894273,136,UAE,,Low-Value,2025-05-14 11:59:20
8428779,990000,645688.9153078208,62,UAE,Azizi Developments,Low-Value,2025-05-14 11:59:20
8349534,849999,344804.9689575471,97,UAE,,Low-Value,2025-05-14 11:59:20
8317480,1064000,810106.2967560971,63,UAE,Azizi Developments,Low-Value,2025-05-14 11:59:20
8280452,1190000,864694.9357271735,85,UAE,,Low-Value,2025-05-14 11:59:20
7902468,1250000,1010449.0488089314,78,UAE,,Low-Value,2025-05-14 11:59:20
8046769,1050000,1201751.4133739173,48,UAE,,Low-Value,2025-05-14 11:59:20
8296272,1050000,635588.8902300405,74,UAE,,Low-Value,2025-05-14 11:59:20
8429278,587000,305484.84037874267,32,UAE,Azizi Developments,Low-Value,2025-05-14 11:59:20
8062062,2000000,2198698.876750117,140,UAE,,Low-Value,2025-05-14 11:59:20
8429161,2400000,2700632.5341337733,113,UAE,Emaar,Low-Value,2025-05-14 11:59:20
8429137,992000,621032.4941832181,64,UAE,Azizi Developments,Low-Value,2025-05-14 11:59:20
8109066,750000,29525.252366624307,78,UAE,,Low-Value,2025-05-14 11:59:20
7862035,1349000,1135629.0032650754,89,UAE,,Low-Value,2025-05-14 11:59:20
4978995,760000,133081.7701758272,55,UAE,,Low-Value,2025-05-14 11:59:20
8024986,880000,374440.7442874154,95,UAE,,Low-Value,2025-05-14 11:59:20
8025311,785000,142606.91272468213,86,UAE,,Low-Value,2025-05-14 11:59:20
8417111,950000,546175.3954645777,63,UAE,Binghatti Developers,Low-Value,2025-05-14 11:59:20
8427652,5000000,5776539.831182247,129,UAE,Meraas,Low-Value,2025-05-14 11:59:20
7453069,598000,27868.384149301797,38,UAE,,Low-Value,2025-05-14 11:59:20
8094962,2350000,3104480.8743632585,180,UAE,UAE,Low-Value,2025-05-18 14:32:28
8135357,1300000,1253280.4068823624,107,UAE,UAE,Low-Value,2025-05-18 14:32:28
8452059,1420000,1547140.4384944504,75,UAE,UAEAldar,Low-Value,2025-05-18 14:32:36
8269383,950000,615888.0086711291,57,UAE,,Low-Value,2025-05-18 14:39:07
8346520,1855000,1931032.8326966409,99,UAE,Aldar,Low-Value,2025-05-18 14:39:07
7806333,1450000,1462746.2537165256,74,UAE,,Low-Value,2025-05-18 14:39:07
8301418,1100000,910698.371377036,62,UAE,Aldar,Low-Value,2025-05-18 14:39:07
8313469,18500000,13138964.96343659,309,UAE,,High-Value,2025-05-18 14:39:07
8222911,1000000,517860.3340782374,80,UAE,,Low-Value,2025-05-18 14:39:07
8242754,1200000,884956.423998029,84,UAE,,Low-Value,2025-05-18 14:39:07
7950112,1050000,611285.1940839966,83,UAE,,Low-Value,2025-05-18 14:39:07
8293747,1540000,1525845.778197823,82,UAE,,Low-Value,2025-05-18 14:39:07
8283238,1850000,1992338.7908393163,135,UAE,,Low-Value,2025-05-18 14:39:07
8288799,1851000,1993472.3027818725,135,UAE,,Low-Value,2025-05-18 14:39:07
8276896,3250000,3573105.525696961,155,UAE,,Low-Value,2025-05-18 14:39:07
8102210,2600000,2869414.2369972896,144,UAE,,Low-Value,2025-05-18 14:39:07
8291363,9000000,9284043.342314757,154,UAE,,Mid-Value,2025-05-18 14:39:07
8221451,5800000,6469710.963933757,135,UAE,,Mid-Value,2025-05-18 14:39:07
8248707,1200000,1091194.0381723251,65,UAE,Aldar,Low-Value,2025-05-18 14:39:07
8056214,3100000,3486619.0231636297,167,UAE,,Low-Value,2025-05-18 14:39:07
8283951,1900000,2348512.934933505,164,UAE,,Low-Value,2025-05-18 14:39:07
7520959,2100000,2468779.273209311,158,UAE,,Low-Value,2025-05-18 14:39:07
8270314,1501000,1525570.7067655353,128,UAE,,Low-Value,2025-05-18 14:39:15
8251875,2300000,2529092.5010774527,138,UAE,Aldar,Low-Value,2025-05-18 14:39:15
7815628,2700000,2975680.981611874,144,UAE,,Low-Value,2025-05-18 14:39:15
8239387,3500000,3830583.065849253,151,UAE,Aldar,Low-Value,2025-05-18 14:39:15
8181992,1000000,531646.79068649,88,UAE,,Low-Value,2025-05-18 14:39:15
7664416,1000000,531646.79068649,88,UAE,,Low-Value,2025-05-18 14:39:15
8217773,1400000,1474039.1197138177,68,UAE,,Low-Value,2025-05-18 14:39:15
8194805,2000000,2098734.251015868,107,UAE,,Low-Value,2025-05-18 14:39:15
8034294,11500000,10822893.117565429,177,UAE,,Mid-Value,2025-05-18 14:39:15
8172217,3950000,4659060.757684885,222,UAE,,Low-Value,2025-05-18 14:39:15
8125293,1200000,887834.7945267675,83,UAE,,Low-Value,2025-05-18 14:39:15
8157859,1800000,1846019.437004974,99,UAE,Aldar,Low-Value,2025-05-18 14:39:15
7929665,900000,822193.6626040479,129,UAE,,Low-Value,2025-05-18 14:39:15
8102890,2550000,2964050.3951319754,165,UAE,,Low-Value,2025-05-18 14:39:15
8103496,1850000,1906530.9405619465,121,UAE,,Low-Value,2025-05-18 14:39:15
8085221,1500000,1767413.923915675,66,UAE,Aldar,Low-Value,2025-05-18 14:39:15
8020053,1900000,2125547.0246952074,144,UAE,,Low-Value,2025-05-18 14:39:23
8398399,950000,444701.2723654676,88,UAE,,Low-Value,2025-05-18 14:39:23
8372598,1450000,1464600.1620429186,128,UAE,,Low-Value,2025-05-18 14:39:23
8366825,1299990,1182372.9195256513,118,UAE,,Low-Value,2025-05-18 14:39:23
8362757,1590000,1649645.8674420258,130,UAE,,Low-Value,2025-05-18 14:39:23
8366415,1800000,1831828.3439186625,114,UAE,Aldar,Low-Value,2025-05-18 14:39:23
8389731,900000,325404.87892260775,74,UAE,,Low-Value,2025-05-18 14:39:23
8318478,1899900,2261732.2931477455,79,UAE,,Low-Value,2025-05-18 14:39:23
8334022,1600000,1536879.8163080048,99,UAE,Aldar,Low-Value,2025-05-18 14:39:23
8286001,1300000,1350976.097738754,64,UAE,Aldar,Low-Value,2025-05-18 14:39:23
8283723,1000000,1147010.5937098898,46,UAE,Aldar,Low-Value,2025-05-18 14:39:23
8311972,780000,901325.0233611469,36,UAE,Aldar,Low-Value,2025-05-18 14:39:23
8208324,5500000,6044091.35990575,139,UAE,,Mid-Value,2025-05-18 14:39:23
8259397,900000,844452.1429456803,45,UAE,,Low-Value,2025-05-18 14:39:23
8292131,865000,368470.06903782766,97,UAE,,Low-Value,2025-05-18 14:39:23
8272891,1200000,1176528.0791008873,124,UAE,DAMAC Properties,Low-Value,2025-05-18 14:39:31
8178311,760000,305321.7246816596,47,UAE,,Low-Value,2025-05-18 14:39:31
8187477,2100000,2267531.1116303876,131,UAE,Aldar,Low-Value,2025-05-18 14:39:31
8125566,750000,272763.40292740427,47,UAE,,Low-Value,2025-05-18 14:39:31
8132523,790000,99017.57596396841,69,UAE,,Low-Value,2025-05-18 14:39:31
8042639,1250000,1187777.1351088574,66,UAE,Aldar,Low-Value,2025-05-18 14:39:31
8012556,9000000,9284043.342314757,154,UAE,,Mid-Value,2025-05-18 14:39:31
7946824,1550000,1464698.8011058578,92,UAE,,Low-Value,2025-05-18 14:39:31
7953523,1300000,1326615.7493184786,65,UAE,Aldar,Low-Value,2025-05-18 14:39:31
7981571,2950000,3255536.0400742106,133,UAE,Aldar,Low-Value,2025-05-18 14:39:31
7979716,950000,571716.8483495428,60,UAE,Aldar,Low-Value,2025-05-18 14:39:31
7821388,3250000,3598681.4145859247,162,UAE,,Low-Value,2025-05-18 14:39:31
7617335,1999999,2150717.644083729,131,UAE,Aldar,Low-Value,2025-05-18 14:39:31
7643129,1250000,990001.8313294314,81,UAE,,Low-Value,2025-05-18 14:39:31
7653125,1300000,1350976.097738754,64,UAE,Aldar,Low-Value,2025-05-18 14:39:31
7648190,939000,416626.8346517747,86,UAE,,Low-Value,2025-05-18 14:39:31
4164292,1650000,1637948.6577219423,93,UAE,Aldar,Low-Value,2025-05-18 14:39:31
8460173,1436000,1331049.4847179586,107,UAE,Bloom Holding,Low-Value,2025-05-18 14:39:39
8457458,503999,317513.39972203365,26,UAE,Aldar,Low-Value,2025-05-18 14:39:39
8462956,930000,1059611.6628138786,43,UAE,Aldar,Low-Value,2025-05-18 14:39:39
8453725,1450000,1459196.5410513515,75,UAE,Aldar,Low-Value,2025-05-18 14:39:39
8453615,1479326,1519031.0092606433,75,UAE,Aldar,Low-Value,2025-05-18 14:39:39
8456798,920000,401309.620385495,67,UAE,,Low-Value,2025-05-18 14:39:39
8456548,950000,1187820.3930560127,42,UAE,Aldar,Low-Value,2025-05-18 14:39:39
8431917,990000,1113744.482352281,46,UAE,Aldar,Low-Value,2025-05-18 14:39:39
8445750,1511642,1497262.2573666843,81,UAE,Aldar,Low-Value,2025-05-18 14:39:39
8460899,1300000,1167488.906474769,98,UAE,Q Properties,Low-Value,2025-05-18 14:39:39
8429576,620000,-140564.2244613776,56,UAE,Reportage Properties Developer,Low-Value,2025-05-18 14:39:39
8463685,1975000,2469389.305021338,159,UAE,Q Properties,Low-Value,2025-05-18 14:39:39
8422077,499000,288091.57137154276,26,UAE,Aldar,Low-Value,2025-05-18 14:39:39
8437368,999000,1247822.9967445135,44,UAE,Aldar,Low-Value,2025-05-18 14:39:39
8465060,1250000,995885.4800883085,99,UAE,Aldar,Low-Value,2025-05-18 14:39:39
8431971,896999,994714.8936965549,42,UAE,Aldar,Low-Value,2025-05-18 14:39:39
8454771,2800000,3081947.7262264565,144,UAE,,Low-Value,2025-05-18 14:39:39
8461432,795000,253635.73740513064,81,UAE,Reportage Properties Developer,Low-Value,2025-05-18 14:39:39
8427600,1590000,1619833.6289250236,83,UAE,Aldar,Low-Value,2025-05-18 14:39:39
8432616,900000,479152.728347145,69,UAE,Siadah Development,Low-Value,2025-05-18 14:39:47
8408085,1500000,1797459.1716107856,65,UAE,Aldar,Low-Value,2025-05-18 14:39:47
8433665,1560000,1814364.8513234742,76,UAE,UAEAldar,Low-Value,2025-05-18 14:32:59
8428943,2100000,2433149.1609288175,103,UAE,UAECosmo Develpments,Low-Value,2025-05-18 14:32:59
8425606,897000,876110.471181131,48,UAE,UAEAldar,Low-Value,2025-05-18 14:32:59
8345871,1300000,1350976.097738754,64,UAE,Aldar,Low-Value,2025-05-18 14:39:07
7752180,3000000,3300094.0285733994,133,UAE,,Low-Value,2025-05-18 14:39:15
8056213,1500000,1797459.1716107856,65,UAE,Aldar,Low-Value,2025-05-18 14:39:23
8449941,849990,236321.59065687098,68,UAE,,Low-Value,2025-05-18 14:39:23
8426677,1500000,1797459.1716107856,65,UAE,Aldar,Low-Value,2025-05-18 14:39:23
8444281,2200000,2349518.9471665174,118,UAE,,Low-Value,2025-05-18 14:39:23
8391159,2499990,2736104.861688042,132,UAE,Aldar,Low-Value,2025-05-18 14:39:23
7652205,980000,730519.6875897273,110,UAE,DAMAC Properties,Low-Value,2025-05-18 14:39:31
8462330,1147950,1239534.0369870719,129,UAE,Reportage Properties Developer,Low-Value,2025-05-18 14:39:47
8429658,830000,379338.1181849339,102,UAE,Aldar,Low-Value,2025-05-18 14:39:47
8421351,990000,660763.0499324906,60,UAE,,Low-Value,2025-05-18 14:39:47
8426176,950000,895921.0527772196,48,UAE,Aldar,Low-Value,2025-05-18 14:39:47
8432250,2780000,3057893.540299599,143,UAE,,Low-Value,2025-05-18 14:39:47
8431864,750000,425601.73236961477,46,UAE,Reportage Properties Developer,Low-Value,2025-05-18 14:39:47
8425957,1600000,1637814.6408161158,82,UAE,,Low-Value,2025-05-18 14:39:47
8436376,630000,614869.9771843776,32,UAE,Reportage Properties Developer,Low-Value,2025-05-18 14:39:47
8422351,850000,625892.0353391124,50,UAE,Reportage Properties Developer,Low-Value,2025-05-18 14:39:47
8408124,2098000,2338324.2127201417,108,UAE,Nine Yards,Low-Value,2025-05-18 14:39:47
8428457,925000,390072.0873875655,74,UAE,Aldar,Low-Value,2025-05-18 14:39:47
8406595,3252000,4894086.63220581,263,UAE,Nine Yards,Low-Value,2025-05-18 14:39:47
8437493,1799999,1834565.9206705969,102,UAE,Aldar,Low-Value,2025-05-18 14:39:47
8405946,1100000,863412.7708986192,73,UAE,Radiant Real Estate,Low-Value,2025-05-18 14:39:47
8441532,3400000,3779397.787355356,168,UAE,Aldar,Low-Value,2025-05-18 14:39:47
8436950,1149999,792481.6067391918,88,UAE,,Low-Value,2025-05-18 14:39:47
8406346,1200000,879977.2941786097,90,UAE,,Low-Value,2025-05-18 14:39:47
8450336,4850888,5274329.512764642,144,UAE,Aldar,Low-Value,2025-05-18 14:39:47
8406561,2700000,3329019.4736987576,178,UAE,Nine Yards,Low-Value,2025-05-18 14:39:55
8392835,19999900,13917806.27290587,305,UAE,,High-Value,2025-05-18 14:39:55
8436143,1355000,1299578.8888781648,123,UAE,,Low-Value,2025-05-18 14:39:55
8431204,1626000,1661007.2789548142,84,UAE,,Low-Value,2025-05-18 14:39:55
8400720,1400000,1730396.9707163377,144,UAE,Siadah Development,Low-Value,2025-05-18 14:39:55
8389735,950000,1077409.780835309,44,UAE,Aldar,Low-Value,2025-05-18 14:39:55
8417714,3436686,3767350.423940297,147,UAE,Aldar,Low-Value,2025-05-18 14:39:55
8448952,2450000,2870267.0991286505,151,UAE,Radiant Real Estate,Low-Value,2025-05-18 14:39:55
8399807,1200000,997766.0810373947,86,UAE,Radiant Real Estate,Low-Value,2025-05-18 14:39:55
8427843,1600000,1881125.9318713434,70,UAE,Aldar,Low-Value,2025-05-18 14:39:55
8391953,1300000,1230065.3621226624,69,UAE,,Low-Value,2025-05-18 14:39:55
8409516,1280000,1181587.1330370586,70,UAE,Aldar,Low-Value,2025-05-18 14:39:55
8368597,1150000,899864.4227797203,109,UAE,,Low-Value,2025-05-18 14:39:55
8426521,700000,25058.970365758054,51,UAE,,Low-Value,2025-05-18 14:39:55
8384386,949900,1077061.9987620246,44,UAE,Aldar,Low-Value,2025-05-18 14:39:55
8404799,2100000,2488334.56201877,148,UAE,Radiant Real Estate,Low-Value,2025-05-18 14:39:55
8362670,4376900,4959578.542553737,129,UAE,Aldar,Low-Value,2025-05-18 14:39:55
8403974,2550000,2995010.4684887715,109,UAE,SAAS Properties,Low-Value,2025-05-18 14:40:04
8429202,3800000,4237700.293757438,171,UAE,Modon,Low-Value,2025-05-18 14:40:04
8404005,780000,877502.2020198749,38,UAE,Radiant Real Estate,Low-Value,2025-05-18 14:40:04
8403982,3500000,3953322.7641276894,145,UAE,SAAS Properties,Low-Value,2025-05-18 14:40:04
8382575,2000000,2331557.549478315,142,UAE,Radiant Real Estate,Low-Value,2025-05-18 14:40:04
8369607,1300000,1108541.4284531623,78,UAE,,Low-Value,2025-05-18 14:40:04
8372446,1950000,2178680.3970024996,144,UAE,,Low-Value,2025-05-18 14:40:04
8402831,1475000,1376620.9276542142,87,UAE,Aldar,Low-Value,2025-05-18 14:40:04
8437538,1951999,2176384.512518786,127,UAE,Radiant Real Estate,Low-Value,2025-05-18 14:40:04
8402837,3716122,4162047.364259962,186,UAE,Aldar,Low-Value,2025-05-18 14:40:04
8384625,4699990,5063671.997710219,149,UAE,Aldar,Low-Value,2025-05-18 14:40:04
8382102,1550000,1663228.690711352,75,UAE,Aldar,Low-Value,2025-05-18 14:40:04
8358416,4080000,5958549.805794727,87,UAE,Aldar,Low-Value,2025-05-18 14:40:04
8402833,2300000,2489378.4218767807,120,UAE,Aldar,Low-Value,2025-05-18 14:40:04
8368504,950000,432626.85409423243,85,UAE,,Low-Value,2025-05-18 14:40:04
8405106,1400000,1244703.589511972,87,UAE,Aldar,Low-Value,2025-05-18 14:40:04
8385901,1455000,1469398.148534352,75,UAE,Aldar,Low-Value,2025-05-18 14:40:04
8389984,1250000,1086733.588156581,86,UAE,Radiant Real Estate,Low-Value,2025-05-18 14:40:04
8389732,1350000,1387467.9498198517,73,UAE,Radiant Real Estate,Low-Value,2025-05-18 14:40:04
8360839,3143426,3510982.2030280475,162,UAE,Aldar,Low-Value,2025-05-18 14:40:04
8344912,990000,1216522.610148945,44,UAE,Aldar,Low-Value,2025-05-18 14:40:12
8391678,1380000,1879017.8996443767,58,UAE,Tiger Properties,Low-Value,2025-05-18 14:40:12
8390978,1520000,1672348.1585619207,74,UAE,Deyaar,Low-Value,2025-05-18 14:40:12
8346988,2195000,2378502.7960828682,131,UAE,Aldar,Low-Value,2025-05-18 14:40:12
8358256,780000,370438.36819017027,47,UAE,,Low-Value,2025-05-18 14:40:12
8332801,504000,317519.28526481194,26,UAE,Aldar,Low-Value,2025-05-18 14:40:12
8386820,828560,1671366.4195056623,30,UAE,Aldar,Low-Value,2025-05-18 14:40:12
8353635,1950000,2065404.6990055759,126,UAE,Aldar,Low-Value,2025-05-18 14:40:12
8393576,1500000,1498582.4716199022,94,UAE,Reportage Properties Developer,Low-Value,2025-05-18 14:40:12
8387940,1050000,696420.2517408226,102,UAE,,Low-Value,2025-05-18 14:40:12
8354564,1300000,2009828.9136844724,170,UAE,Reportage Properties Developer,Low-Value,2025-05-18 14:40:12
8349047,4316000,4887336.926772959,129,UAE,Aldar,Low-Value,2025-05-18 14:40:12
8369018,1399999,1240653.6867998661,107,UAE,,Low-Value,2025-05-18 14:40:12
8391065,1700000,1723850.8783860765,112,UAE,Burtville Development,Low-Value,2025-05-18 14:40:12
8353949,750000,196630.0150021175,50,UAE,,Low-Value,2025-05-18 14:40:12
8332626,2238891,2623110.786570723,160,UAE,,Low-Value,2025-05-18 14:40:12
8390590,932000,905118.5776155237,49,UAE,Radiant Real Estate,Low-Value,2025-05-18 14:40:12
8362504,1456000,1346674.176263515,96,UAE,Burtville Development,Low-Value,2025-05-18 14:40:12
8360838,3181000,3566950.0535032153,168,UAE,,Low-Value,2025-05-18 14:40:12
8349508,3800000,5213588.491338264,269,UAE,Aldar,Low-Value,2025-05-18 14:40:12
8332695,1100000,922700.8797819279,69,UAE,Siadah Development,Low-Value,2025-05-18 14:40:20
8312112,910000,768400.9592397194,48,UAE,Aldar,Low-Value,2025-05-18 14:40:20
8370622,950000,1130785.6685092272,43,UAE,Aldar,Low-Value,2025-05-18 14:40:20
8345541,1450000,1314156.4555756943,88,UAE,,Low-Value,2025-05-18 14:40:20
8334218,1150000,909412.4480118183,85,UAE,Radiant Real Estate,Low-Value,2025-05-18 14:40:20
8328559,2700000,3460868.1261373376,187,UAE,Siadah Development,Low-Value,2025-05-18 14:40:20
8377933,1190000,979972.5796135571,86,UAE,Radiant Real Estate,Low-Value,2025-05-18 14:40:20
8369928,2245000,2426414.637146105,115,UAE,Aldar,Low-Value,2025-05-18 14:40:20
8358432,1850000,2167907.610213926,153,UAE,,Low-Value,2025-05-18 14:40:20
8365653,860500,572852.638950061,53,UAE,Radiant Real Estate,Low-Value,2025-05-18 14:40:20
8343730,2400000,2625582.2522694673,134,UAE,Aldar,Low-Value,2025-05-18 14:40:20
8357367,1500000,2727607.407743604,47,UAE,Aldar,Low-Value,2025-05-18 14:40:20
8346159,1550000,1663228.690711352,75,UAE,Aldar,Low-Value,2025-05-18 14:40:20
8348773,1520000,1627096.6122628208,73,UAE,,Low-Value,2025-05-18 14:40:20
8369335,1095000,815432.4528015777,66,UAE,,Low-Value,2025-05-18 14:40:20
8360191,2990000,3400125.210073294,121,UAE,Cosmo Develpments,Low-Value,2025-05-18 14:40:20
8323429,1200000,1091194.0381723251,65,UAE,Aldar,Low-Value,2025-05-18 14:40:20
8384281,1100000,794660.8447514912,105,UAE,,Low-Value,2025-05-18 14:40:20
8327418,2200000,2546027.4690666497,156,UAE,,Low-Value,2025-05-18 14:40:20
8421143,770000,593978.6032275045,43,UAE,Radiant Real Estate,Low-Value,2025-05-18 14:40:20
8368534,1450000,1562955.527027768,75,UAE,Radiant Real Estate,Low-Value,2025-05-18 14:40:28
8396564,877999,623376.581217519,53,UAE,Radiant Real Estate,Low-Value,2025-05-18 14:40:28
8395699,1469000,1531693.051338018,80,UAE,Radiant Real Estate,Low-Value,2025-05-18 14:40:28
8339882,1760000,1998072.4801334385,146,UAE,,Low-Value,2025-05-18 14:40:28
8345687,2300000,2743229.655814206,154,UAE,Radiant Real Estate,Low-Value,2025-05-18 14:40:28
8339941,630000,-60722.65727726696,45,UAE,Aldar,Low-Value,2025-05-18 14:40:28
8312563,470000,117410.83079058165,26,UAE,Aldar,Low-Value,2025-05-18 14:40:28
8314934,910000,806666.4242425412,47,UAE,Aldar,Low-Value,2025-05-18 14:40:28
8302570,980000,635259.0312249907,60,UAE,,Low-Value,2025-05-18 14:40:28
8320135,2500000,2781255.1997662904,145,UAE,Aldar,Low-Value,2025-05-18 14:40:28
8373942,3900000,5470700.661528608,90,UAE,,Low-Value,2025-05-18 14:40:28
8280603,1300000,1350976.097738754,64,UAE,Aldar,Low-Value,2025-05-18 14:40:28
8281369,900000,857422.0161927324,45,UAE,Aldar,Low-Value,2025-05-18 14:40:28
8370243,1419000,1372713.905827308,89,UAE,Radiant Real Estate,Low-Value,2025-05-18 14:40:28
8341393,824000,1648106.7544444222,30,UAE,Aldar,Low-Value,2025-05-18 14:40:28
8391849,931999,905115.4546744572,49,UAE,Radiant Real Estate,Low-Value,2025-05-18 14:40:28
8312257,2650000,4365499.108316872,67,UAE,Aldar,Low-Value,2025-05-18 14:40:28
8373576,9000000,8116555.5818703845,251,UAE,Aldar,Mid-Value,2025-05-18 14:40:28
8373281,6900000,6694201.962936746,202,UAE,,Mid-Value,2025-05-18 14:40:28
8284165,950000,492765.7168529504,69,UAE,Bloom Holding,Low-Value,2025-05-18 14:40:28
8316844,1350000,1358923.3773677684,75,UAE,Radiant Real Estate,Low-Value,2025-05-18 14:40:38
8296201,1500000,2693309.5149511816,207,UAE,,Low-Value,2025-05-18 14:40:38
8359124,1700000,1767202.2473743036,91,UAE,Burtville Development,Low-Value,2025-05-18 14:40:38
8324929,1200000,1029085.5283881687,78,UAE,Radiant Real Estate,Low-Value,2025-05-18 14:40:38
8287172,10743682,9175489.516258234,248,UAE,,Mid-Value,2025-05-18 14:40:38
8283334,1300000,1376854.542510666,63,UAE,Aldar,Low-Value,2025-05-18 14:40:38
8285016,1350000,2416648.1763099115,198,UAE,,Low-Value,2025-05-18 14:40:38
8307782,975000,473010.39386261115,83,UAE,,Low-Value,2025-05-18 14:40:38
8361778,3560000,4446590.331262248,103,UAE,Aldar,Low-Value,2025-05-18 14:40:38
8331200,1650000,1963085.7821625397,71,UAE,Aldar,Low-Value,2025-05-18 14:40:38
8248647,1299999,1326613.3951013675,65,UAE,Aldar,Low-Value,2025-05-18 14:40:38
8320334,798000,196469.59281761013,90,UAE,,Low-Value,2025-05-18 14:40:38
8298952,1450000,1408194.4230651315,98,UAE,Radiant Real Estate,Low-Value,2025-05-18 14:40:38
8343809,1834500,1987389.2824417967,101,UAE,Q Properties,Low-Value,2025-05-18 14:40:38
8332238,930000,729279.1856891848,55,UAE,Reportage Properties Developer,Low-Value,2025-05-18 14:40:38
8326662,2857260,3376608.6081456514,107,UAE,Cosmo Develpments,Low-Value,2025-05-18 14:40:38
8305740,840000,591728.0452098064,47,UAE,Baraka Real Estate Development,Low-Value,2025-05-18 14:40:38
8281026,3500000,3817613.1926022004,151,UAE,,Low-Value,2025-05-18 14:40:38
8326413,1730000,1800166.046766298,121,UAE,Burtville Development,Low-Value,2025-05-18 14:40:38
8285519,870163,1070436.0252895197,39,UAE,Aldar,Low-Value,2025-05-18 14:40:38
8329884,1600000,1670499.7412650157,131,UAE,,Low-Value,2025-05-18 14:40:47
8244730,1500000,1797459.1716107856,65,UAE,Aldar,Low-Value,2025-05-18 14:40:47
8235739,1800000,1821307.9817336183,115,UAE,,Low-Value,2025-05-18 14:40:47
8234186,1500000,1544402.799315271,76,UAE,Aldar,Low-Value,2025-05-18 14:40:47
8286477,880888,837050.6343472088,44,UAE,Aldar,Low-Value,2025-05-18 14:40:47
8272368,2200000,2558997.3423137013,156,UAE,Aldar,Low-Value,2025-05-18 14:40:47
8330660,1570000,1496704.3184836162,111,UAE,,Low-Value,2025-05-18 14:40:47
8249591,1300000,1179454.9990324061,85,UAE,Radiant Real Estate,Low-Value,2025-05-18 14:40:47
8340840,791977,278235.2345150877,86,UAE,Reportage Properties Developer,Low-Value,2025-05-18 14:40:47
8326496,1030000,789629.3196966406,102,UAE,Reportage Properties Developer,Low-Value,2025-05-18 14:40:47
8288286,1550000,1582870.9790096637,80,UAE,Aldar,Low-Value,2025-05-18 14:40:47
8286984,850000,577120.8189334692,48,UAE,Aldar,Low-Value,2025-05-18 14:40:47
8278789,1350000,1470526.1854301598,64,UAE,Aldar,Low-Value,2025-05-18 14:40:47
8327074,1490000,2030084.7046472784,160,UAE,Reportage Properties Developer,Low-Value,2025-05-18 14:40:47
8234055,2000000,2118385.8598007206,124,UAE,Aldar,Low-Value,2025-05-18 14:40:47
8326294,1140000,1215600.3985941866,137,UAE,,Low-Value,2025-05-18 14:40:47
8298196,950000,426918.79378881585,83,UAE,,Low-Value,2025-05-18 14:40:47
8254352,1990000,2435194.1051911544,154,UAE,Radiant Real Estate,Low-Value,2025-05-18 14:40:47
8322307,600000,-181411.21236740472,54,UAE,Reportage Properties Developer,Low-Value,2025-05-18 14:40:47
8247237,1299999,1049783.8303142674,94,UAE,,Low-Value,2025-05-18 14:40:47
8282980,730000,255433.02065006318,105,UAE,,Low-Value,2025-05-18 14:41:05
8195255,1999990,3095696.759671429,209,UAE,,Low-Value,2025-05-18 14:41:05
8238211,2300000,2489378.4218767807,120,UAE,Aldar,Low-Value,2025-05-18 14:41:05
8209841,650000,-58587.021472984925,56,UAE,Reportage Properties Developer,Low-Value,2025-05-18 14:41:05
8309948,2000000,2417939.807757222,162,UAE,,Low-Value,2025-05-18 14:41:05
8231373,480000,-272135.8604470603,94,UAE,Aldar,Low-Value,2025-05-18 14:41:05
8226582,1463490,1370363.8103779126,107,UAE,Bloom Holding,Low-Value,2025-05-18 14:41:05
8227724,900000,338374.7521696603,74,UAE,Aldar,Low-Value,2025-05-18 14:41:05
8227407,2000000,2331557.549478315,142,UAE,Radiant Real Estate,Low-Value,2025-05-18 14:41:05
8286914,470000,-604808.3897039331,45,UAE,Aldar,Low-Value,2025-05-18 14:41:05
8238075,2400000,2669850.621015176,144,UAE,Aldar,Low-Value,2025-05-18 14:41:05
8213467,1500000,1829176.448504379,64,UAE,Aldar,Low-Value,2025-05-18 14:41:05
8235348,1450000,1291715.6128835212,96,UAE,,Low-Value,2025-05-18 14:41:05
8209961,1050000,907771.1460734615,121,UAE,Aldar,Low-Value,2025-05-18 14:41:05
8174086,1000000,1308720.6827475997,43,UAE,Aldar,Low-Value,2025-05-18 14:41:05
8263775,2140000,2350832.2086237017,107,UAE,Cosmo Develpments,Low-Value,2025-05-18 14:41:05
8195814,950000,421762.6194575508,79,UAE,,Low-Value,2025-05-18 14:41:05
8278687,1280000,1053444.7269357368,80,UAE,,Low-Value,2025-05-18 14:41:05
8158918,1480000,1520406.1859493516,75,UAE,Aldar,Low-Value,2025-05-18 14:41:05
8265433,3160000,3536132.3083493635,155,UAE,Cosmo Develpments,Low-Value,2025-05-18 14:41:05
8260780,1480000,1383438.2023776425,113,UAE,,Low-Value,2025-05-18 14:41:14
7817725,2513000,2741655.100542452,134,UAE,,Low-Value,2025-05-18 14:41:14
8196038,2373051,2668130.4808699116,150,UAE,,Low-Value,2025-05-18 14:41:14
8160405,1350000,1269469.182705935,85,UAE,Radiant Real Estate,Low-Value,2025-05-18 14:41:14
8251254,577000,-258064.88207807392,56,UAE,Reportage Properties Developer,Low-Value,2025-05-18 14:41:14
8234445,2300100,2527449.2638522256,109,UAE,Aldar,Low-Value,2025-05-18 14:41:14
8209811,1422000,1299902.7468813863,102,UAE,Burtville Development,Low-Value,2025-05-18 14:41:14
8251192,788900,287776.6081821271,88,UAE,Reportage Properties Developer,Low-Value,2025-05-18 14:41:14
8192701,970000,525614.0583981685,66,UAE,,Low-Value,2025-05-18 14:41:14
8191895,1199999,879952.388987768,87,UAE,,Low-Value,2025-05-18 14:41:14
8247249,1865000,2009341.4699776499,135,UAE,,Low-Value,2025-05-18 14:41:14
8212133,2200000,2508979.0474986862,152,UAE,,Low-Value,2025-05-18 14:41:14
8182925,1150000,973483.1825992484,65,UAE,Aldar,Low-Value,2025-05-18 14:41:14
8182967,1400000,1535559.208392948,66,UAE,Aldar,Low-Value,2025-05-18 14:41:14
8218560,7600100,7464231.717680985,177,UAE,Aldar,Mid-Value,2025-05-18 14:41:14
8227891,1850000,2042428.955525769,89,UAE,Burtville Development,Low-Value,2025-05-18 14:41:14
8183636,3000000,3305433.1567765446,142,UAE,Aldar,Low-Value,2025-05-18 14:41:14
8163506,920000,880881.7028490198,46,UAE,Aldar,Low-Value,2025-05-18 14:41:14
8136811,4900000,5366928.910158014,141,UAE,Aldar,Low-Value,2025-05-18 14:41:14
8218851,7250000,6958171.95786728,229,UAE,Aldar,Mid-Value,2025-05-18 14:41:14
8194021,1450000,1465479.6544881873,83,UAE,Radiant Real Estate,Low-Value,2025-05-18 14:41:22
8260701,2450000,3849881.314391015,68,UAE,Aldar,Low-Value,2025-05-18 14:41:22
8177154,1180000,1053868.2504607886,71,UAE,Radiant Real Estate,Low-Value,2025-05-18 14:41:22
8206915,634930,-46967.99817513209,51,UAE,Reportage Properties Developer,Low-Value,2025-05-18 14:41:22
8206939,634846,-60391.85408467287,52,UAE,Reportage Properties Developer,Low-Value,2025-05-18 14:41:22
8206894,632030,-68678.6983170174,52,UAE,Reportage Properties Developer,Low-Value,2025-05-18 14:41:22
8175717,958000,481298.1112182569,75,UAE,Bloom Holding,Low-Value,2025-05-18 14:41:22
8195323,1000000,1357022.082005389,42,UAE,,Low-Value,2025-05-18 14:41:22
8205729,1197000,997498.2478621826,89,UAE,Reportage Properties Developer,Low-Value,2025-05-18 14:41:22
8260789,1250000,972711.956135409,85,UAE,,Low-Value,2025-05-18 14:41:22
8168704,1755303,2220627.413356846,70,UAE,Aldar,Low-Value,2025-05-18 14:41:22
8205736,1400000,1507686.2268852806,126,UAE,Reportage Properties Developer,Low-Value,2025-05-18 14:41:22
8165807,1051000,728981.7920190757,101,UAE,Bloom Holding,Low-Value,2025-05-18 14:41:22
8134260,1600000,1638270.2689545415,83,UAE,Aldar,Low-Value,2025-05-18 14:41:22
8179079,4863900,5101556.745972158,183,UAE,Aldar,Low-Value,2025-05-18 14:41:22
8189507,2500000,2744418.608951781,120,UAE,Aldar,Low-Value,2025-05-18 14:41:22
8211266,4000000,5653697.326158991,90,UAE,Aldar,Low-Value,2025-05-18 14:41:22
8205684,1220000,1109793.8272202108,121,UAE,,Low-Value,2025-05-18 14:41:22
8188869,2000000,2134614.6998187564,102,UAE,Aldar,Low-Value,2025-05-18 14:41:22
8196252,1500000,1967952.940638516,60,UAE,Advanced Properties Development,Low-Value,2025-05-18 14:41:22
8205700,799000,261192.48368883412,81,UAE,Reportage Properties Developer,Low-Value,2025-05-18 14:41:31
8218564,1650000,1683123.0648221057,91,UAE,Burtville Development,Low-Value,2025-05-18 14:41:31
8207530,548000,-317854.70176294167,56,UAE,Tamouh - LMS,Low-Value,2025-05-18 14:41:31
8205691,599000,-175677.61974844057,53,UAE,Reportage Properties Developer,Low-Value,2025-05-18 14:41:31
8198400,1100000,991432.9894701084,111,UAE,Tamouh - LMS,Low-Value,2025-05-18 14:41:31
8198399,970000,789832.6596523393,109,UAE,Tamouh - LMS,Low-Value,2025-05-18 14:41:31
8198784,999999,633673.180588563,64,UAE,Aldar,Low-Value,2025-05-18 14:41:31
8165520,1334000,1236199.000116813,86,UAE,Radiant Real Estate,Low-Value,2025-05-18 14:41:31
8112586,1550000,1582870.9790096637,80,UAE,Aldar,Low-Value,2025-05-18 14:41:31
8205680,1040000,616412.9614868369,92,UAE,,Low-Value,2025-05-18 14:41:31
8142111,2708500,2997683.5281511657,144,UAE,Aldar,Low-Value,2025-05-18 14:41:31
8193320,1727000,2186249.075571173,155,UAE,Radiant Real Estate,Low-Value,2025-05-18 14:41:31
8192802,750000,165395.46017595986,60,UAE,Radiant Real Estate,Low-Value,2025-05-18 14:41:31
8057013,1450000,1390269.6589828664,79,UAE,,Low-Value,2025-05-18 14:41:31
8145897,1753692,1748448.7324123867,104,UAE,,Low-Value,2025-05-18 14:41:31
8128778,790000,99017.57596396841,69,UAE,,Low-Value,2025-05-18 14:41:31
8155388,650000,-151641.79815213336,53,UAE,,Low-Value,2025-05-18 14:41:31
8095038,3084156,3612276.0759976804,110,UAE,Aldar,Low-Value,2025-05-18 14:41:31
8184303,10293085,8907735.224562122,244,UAE,,Mid-Value,2025-05-18 14:41:31
8091291,2300000,2606576.5912929,150,UAE,Aldar,Low-Value,2025-05-18 14:41:31
8208224,645936,1357.7865158389322,50,UAE,Reportage Properties Developer,Low-Value,2025-05-18 14:41:39
8107477,1500000,1590989.8948329547,80,UAE,Radiant Real Estate,Low-Value,2025-05-18 14:41:39
8139037,950000,421762.6194575508,79,UAE,,Low-Value,2025-05-18 14:41:39
8142490,2199999,2488101.2289074743,131,UAE,Radiant Real Estate,Low-Value,2025-05-18 14:41:39
8109926,1270000,1255989.2359746322,65,UAE,Aldar,Low-Value,2025-05-18 14:41:39
8094527,1600000,2738454.3538186904,51,UAE,Aldar,Low-Value,2025-05-18 14:41:39
8028700,1000000,1579876.8371242387,39,UAE,Aldar,Low-Value,2025-05-18 14:41:39
8140901,1420000,1286104.6777616385,100,UAE,Bloom Holding,Low-Value,2025-05-18 14:41:39
8088857,684300,57476.42952617863,54,UAE,Reportage Properties Developer,Low-Value,2025-05-18 14:41:39
8154734,1500000,2005339.9856703011,166,UAE,,Low-Value,2025-05-18 14:41:39
8104936,2337073,2535961.1907402165,115,UAE,,Low-Value,2025-05-18 14:41:39
8178150,2137200,2325706.7906484334,104,UAE,Aldar,Low-Value,2025-05-18 14:41:39
8177726,2121800,2414258.078767007,93,UAE,Aldar,Low-Value,2025-05-18 14:41:39
8118814,3900000,4478779.377275825,123,UAE,Aldar,Low-Value,2025-05-18 14:41:39
8109075,1900000,2433724.4018108686,162,UAE,Q Properties,Low-Value,2025-05-18 14:41:39
8058195,1390000,1422053.5951363444,70,UAE,Aldar,Low-Value,2025-05-18 14:41:39
8030445,1750000,1777587.7704995703,97,UAE,Aldar,Low-Value,2025-05-18 14:41:39
8089918,3214000,3877907.116317598,190,UAE,Nine Yards,Low-Value,2025-05-18 14:41:39
8021257,750000,407785.3807612313,44,UAE,Bloom Holding,Low-Value,2025-05-18 14:41:39
8058211,2244364,2425568.347273167,115,UAE,Aldar,Low-Value,2025-05-18 14:41:39
7991034,2585000,2927417.7920962665,109,UAE,Aldar,Low-Value,2025-05-18 14:41:47
7974692,3000000,3305433.1567765446,142,UAE,Aldar,Low-Value,2025-05-18 14:41:47
8045125,900000,2035767.8387984214,30,UAE,Aldar,Low-Value,2025-05-18 14:41:47
8034392,4000000,5706654.174955888,89,UAE,Aldar,Low-Value,2025-05-18 14:41:47
8013404,2166000,2321293.725256061,115,UAE,Aldar,Low-Value,2025-05-18 14:41:47
8022198,3300000,4352892.58464936,93,UAE,Aldar,Low-Value,2025-05-18 14:41:47
8014198,700000,8127.677168538794,52,UAE,,Low-Value,2025-05-18 14:41:47
7925080,1450000,1378620.9654563619,80,UAE,,Low-Value,2025-05-18 14:41:47
7930173,1312600,1180073.9818909857,92,UAE,Q Properties,Low-Value,2025-05-18 14:41:47
7978117,2360000,2566468.8761440534,115,UAE,,Low-Value,2025-05-18 14:41:47
7966620,1300000,1282177.443678814,67,UAE,Aldar,Low-Value,2025-05-18 14:41:47
8013399,1050000,618592.3090075129,88,UAE,,Low-Value,2025-05-18 14:41:47
7887433,920000,880881.7028490198,46,UAE,Aldar,Low-Value,2025-05-18 14:41:47
8034389,4000000,4526097.271420827,128,UAE,Aldar,Low-Value,2025-05-18 14:41:47
7916997,950000,688785.8387956358,110,UAE,DAMAC Properties,Low-Value,2025-05-18 14:41:47
7925430,1850000,2212915.5170920305,147,UAE,Q Properties,Low-Value,2025-05-18 14:41:47
7938259,1450000,1378620.9654563619,80,UAE,,Low-Value,2025-05-18 14:41:47
7891765,8500000,7985673.8020798005,286,UAE,,Mid-Value,2025-05-18 14:41:54
7934452,906571,1016619.9443163872,42,UAE,,Low-Value,2025-05-18 14:41:54
7920991,1350000,1171183.6405397234,84,UAE,Aldar,Low-Value,2025-05-18 14:41:54
7965440,1285000,1138949.34256237,96,UAE,Q Properties,Low-Value,2025-05-18 14:41:54
7841103,2600000,3279638.630770498,190,UAE,,Low-Value,2025-05-18 14:41:54
7899087,1586000,1636400.7277448112,93,UAE,Radiant Real Estate,Low-Value,2025-05-18 14:41:54
7870167,850000,222628.73275391757,73,UAE,,Low-Value,2025-05-18 14:41:54
7829416,3200000,3536712.782090787,155,UAE,Aldar,Low-Value,2025-05-18 14:41:54
7920982,1150000,989210.1748643098,71,UAE,Radiant Real Estate,Low-Value,2025-05-18 14:41:54
7809454,1677000,2378548.993629914,172,UAE,Reportage Properties Developer,Low-Value,2025-05-18 14:41:54
7769759,848884,683600.226825723,45,UAE,Aldar,Low-Value,2025-05-18 14:41:54
7792023,1400000,1325446.888523735,92,UAE,Q Properties,Low-Value,2025-05-18 14:41:54
7769785,2350000,2604591.3618957773,108,UAE,Aldar,Low-Value,2025-05-18 14:41:54
7769432,867000,642866.7853718735,51,UAE,Radiant Real Estate,Low-Value,2025-05-18 14:41:54
7769800,2350000,2610720.978124623,143,UAE,Aldar,Low-Value,2025-05-18 14:41:54
7769479,1650000,1623485.7199743232,96,UAE,Aldar,Low-Value,2025-05-18 14:41:54
7650665,1100000,726042.8616208509,76,UAE,,Low-Value,2025-05-18 14:41:54
7592551,2000000,2240615.9739502743,145,UAE,,Low-Value,2025-05-18 14:41:54
7769204,4500000,4924020.145372145,207,UAE,Aldar,Low-Value,2025-05-18 14:41:54
7719921,2050000,2357968.4104148047,152,UAE,,Low-Value,2025-05-18 14:41:54
